player,extra
AUTIC,1
Aaaaapfelmus,1
ABraHam_Sid_,1
AbroadPuma,1
Akitsuki4852,1
Alrecue,1
Altame,1
Ankou54,1
AyayaMew,1
AzurDream07,1
Bai_Tian,1
BlackSmithly,1
BluesEcho,1
Dani233,1
Dumbledorest,1
FanTian_X,1
Fiari,1
Ghost_wh1026,1
G_G_Ge,1
Giburiri,1
IJN_40010,1
Ice_maplc,1
Inubashiri_Momiz,1
Izumi_gd,1
Kinomotomoyo,1
Komeiji_Teriri,1
Komeiji_Porie,1
KristenSnowBy,1
Kwtide,1
langua,1
Laqua57,1
Le0n_Frieken,1
LucidBrick,1
LuoTianyi_Master,1
Mika_SPCT,1
Mizu_Sky,1
Mr_eight8,1
Muriya_Tensei,1
NAGISAKI_MINATO,1
PinkishRed,1
PlumlyRaining,1
QinCaii,1
Rimo,1
Rinko_1017,1
sddg2333,1
SAMY_WANG,1
Saionji_Yuren_,1
SchrodingCats,1
ScroogeRainS,1
Stonemason_1,1
SupSoki,1
Thehuantian,1
Trump15,1
Xanthus_,1
XiaoMouz_OvO,1
YukiGeZi,1
ZhigeOffice,1
an_qwq,1
bellwow,1
etwxr9,1
fiue_fice_,1
hongling,1
jiaoxiu_ovo,1
kksk666777,1
orangeCRS,1
pop_ray,1
reebing,1
wwIce,1