1,2
RosmontisNoir,12
Mika_SPCT,202
TaciT527,13
LucidBrick,5
uO_xiren,8
SchrodingCats,158
SO_Small,61
Anainai99,92
Ran_nano,12
Kinomotomoyo,206
VectorAccel,112
Komeiji_Teriri,30
orangeCRS,15
T_AILA,8
cllshiji,19
Pyeonghae,81
org_cat,30
Ice_maplc,128
bellwow,3
Izumi_gd,435
siyuechunnuan,9
LiIci111,25
LogicNoob_,17
FanTian_X,52
KomeijiIkari,3
Dumbledorest,39
lbpc2332,11
Laqua57,78
julihao,2
BlackSmithly,28
mcz_zcy,15
ANkou123123,50
Thehuantian,151
forst_candy,2
NicoYazawa_,521
6water,6
an_qwq,14
Trump15,41
Hks2i,365
Mishieru,98
Rinko_1017,185
Rimo,27
muxue_tao,121
Silkwoven,5
Pr3ss1ey,2
FlaOwO,47
Valarfly,42
Ankou54,54
Tokino_Fubuki,47
Le0n_Frieken,21
Saionji_Yuren_,215
YorushiroLen,3
Akitsuki4852,126
Mr_eight8,4
creeper_568,78
SC_HYDD,1
FollowerZz,4
ExtraGhost,48
FORSUM,8
MingKong602,187
Lightfulp,1
qihao_,1
Dani233,51
Kwtide,178
kksk666777,70
LuoTianyi_Master,130
Komepochi,1
Muriya_Tensei,2
Remnant_Leaf,39
Mizu_Sky,187
luciferwrite,127
Zqtingy,2