玩家ID,总奖励
Azur_KingGeorgeV,42
BlackJF,38
Ciallo0721,38
Dumbledorest,42
IJN_40010,42
Infarn,38
jiaoxiu_ovo,42
Kwtide,42
kongmulingyun,38
Momoi_0721,38
Ran_nano,38
Rinko_1017,42
sby007,38
uO_xiren,38
0xcybird,38
Akitsuki4852,32
Azur_Bismarck,32
creeper_568,32
ExtraGhost,32
Hks2i,32
JingerMeat,36
Kinomotomoyo,32
LuoTianyi_Master,36
LogicNoob_,36
lbpc2332,32
mcz_zcy,32
Mika_SPCT,36
Mishieru,32
Natsukazee,32
Rain60w,32
Saionji_Yuren_,32
Trump15,32
Thehuantian,32
WuTongiii,32
wwhsQWQ,32
wsy95,32
XHG0728,36
yanyunwww,32
yebuluoxi,32
04006,32
ApertureG,24
ANkou123123,24
AyaHouraisan,28
BlackSmithly,24
FanTian_X,28
G_G_Ge,24
HydrogenQ,24
hongling,28
Ice_maplc,28
Izumi_gd,28
Jiu_tong,24
julihao,24
Jnail987,28
kksk666777,24
LucidBrick,28
luoshui103,28
lei__mu,28
Le0n_Frieken,28
luyadaojun,24
MingKong602,24
Night_Kite,24
NicoYazawa_,24
Nyarum1_,28
Pyeonghae,28
Qgoodluck,24
Rimo,24
RosmontisNoir,24
Remnant_Leaf,24
SC_HYDD,28
Valarfly,24
Xicun,28
XiaoMouz_OvO,24
Xain_Lemon,24
YukiGeZi,28
yukio911,24
ZHXCN,24
6water,24
Ankou54,60
BlingWang,60
Big_WhiteDragon,60
Dani233,60
langua,60
NAGISAKI_MINATO,60
