name,reward
AUTIC,1
lbpc2332,1
Inubashiri_Momiz,1
mahoBryant,1
KomeijiIkari,1
04006,1
Zuo_longYZ,1
Hks2i,1
Saionji_Yuren_,1
fiue_fice_,1
PaddiTime,1
KristenSnowBy,1
Ping_timeout,1
hongling,1
jiaoxiu_ovo,1
YoyisakiKnd,1
Kinomotomoyo,1
LogicNoob_,1
TangerineR,1
Rimo,1
SolidusPanda,1
Teio,1
wakaka11111,1
etwxr9,1
bahaoda,1
WuTongiii,1
langua,1
Azur_Bismarck,1
IJN_40010,1
CzBiX,1
an_qwq,1
wsy95,1
Natsukazee,1
nyapasss,1
kksk666777,1
KuroLime,1
Ice_maplc,1
GX1608,1
clahxm,1
ApertureG,1
Mizu_Sky,1
ZhigeOffice,1
wwIce,1
123_Kohaku,1
BluesEcho,1
Angebs,1
Bersella_AI,1
yebuluoxi,1
Izumi_gd,1
AlphaLorat,1
YorushiroLen,1
YukiGeZi,1
QinCaii,1
orangeCRS,1
Dumbledorest,1
Xaincn,1
yueducheng,1
Ran_nano,1
RosmontisNoir,1
PlumlyRaining,1
SAMY_WANG,1
Xander_Zhao,1
Ankou54,1
Altame,1
Mika_SPCT,1
RS_miku,1
Le0n_Frieken,1
Komeiji_Teriri,1
ka_lu_,1
Fiari,1
BlackSmithly,1
Trump15,1
THyizhe,1
silentRain_qwq,1
Big_WhiteDragon,1
XiaoMouz_OvO,1
NAGISAKI_MINATO,1
Giburiri,1
V0llerEIQuQ,1
Xanthus_,1
ououe,1
FanTian_X,1
Pyeonghae,1
LuoTianyi_Master,1
LucidBrick,1
Mr_eight8,1
FLYLX,1
NicoYazawa_,1
Laqua57,1
ScroogeRainS,1
Rinko_1017,1
SchrodingCats,1
Thehuantian,1
Muriya_Tensei,1
Currypa,1
Akitsuki4852,1
yukio911,1
HuiZhang_,1