id,reward
04006,38
123_Kohaku,53
6water,11
AUTIC,75
Aaaaapfelmus,96
AbraHam_0624,11
ABraHam_Sid_,96
AbroadPuma,41
Akitsuki4852,62
Akyuu,8
AlphaLorat,13
Alrecue,96
Altame,74
Anainai99,39
Anata2357,11
Angebs,29
Ankou54,96
ApertureG,11
Aqua_Rem,8
AyaHouraisan,13
AyayaMew,64
AzurDream07,96
Azur_Bismarck,8
Bai_Tian,96
Bai_Li_Li,11
Bersella_AI,64
Big_WhiteDragon,22
BlackSmithly,63
BlingWang,16
BluesEcho,96
Ch3rrylicious,11
CitingNutria,11
Cla_tira,13
CleMooling,23
Coikea_,8
Currypa,20
CzBiX,8
Dani233,96
Dao_Mouse,15
DianFenMian,11
Dubhe_ltq,8
Dumbledorest,102
Eason_5201,11
Eillenc,12
Entor_DAZE,13
ExtraGhost,16
Eyjafjalla_fire,12
FLYLX,33
FanTian_X,77
Fiari,81
FollowerZz,15
Ghost_wh1026,96
GX1608,17
G_G_Ge,39
Giburiri,51
Gotopia,11
HanaokaSKY,11
HeNanPengYvYan,11
Hks2i,22
HuiZhang_,13
IJN_40010,62
Ice_maplc,74
Infarn,20
Inubashiri_Momiz,85
Izumi_gd,76
Juhdd,13
Kazeshima,11
Kinomotomoyo,81
Kirisamemoriere,11
KomeijiIkari,14
Komeiji_Porie,96
Komeiji_Teriri,96
Korea_cola,11
KristenSnowBy,53
Kwtide,55
Kyomotoi_,11
langua,96
Laqua57,61
Le0n_Frieken,69
LemonAliez,18
LiIci111,12
LogicNoob_,58
LuYunSuMu,14
LucidBrick,96
LuoTianyi_Master,70
LycheeK1ng,34
Cryoignis,12
Mari_Lijima,17
MatchaChoo,11
Me1ze,8
Mika_SPCT,74
MingKong602,13
MittyEvill,11
Mizu_Sky,70
Momoi_0721,15
Mr_eight8,75
Muriya_Tensei,56
NAGISAKI_MINATO,96
NagasakiSoyo_Rin,13
Natsukazee,14
Nemo_Petrichor,13
Neptune2024,13
NicoYazawa_,54
Nyaacinth,12
Nyaasu,11
PinkishRed,96
PaddiTime,13
Ping_timeout,19
Platinum_Colonel,11
PlumlyRaining,32
Prz1y,11
Pyeonghae,26
QinCaii,55
RDCarrot,11
RS_miku,34
Ran_nano,16
Rimo,53
Rinko_1017,79
Rock_Silence,11
RosmontisNoir,36
sddg2333,96
SAMY_WANG,78
SC_HYDD,14
Saionji_Yuren_,68
Sandiego_CL53_,15
SchrodingCats,78
ScroogeRainS,66
ShaNaPrPr,13
Shiki_Z,11
SolidusPanda,16
Stonemason_1,96
SunGela,20
SupSoki,96
THyizhe,23
T_AILA,19
TangerineR,19
Thehuantian,76
Trump15,61
TsuZing,11
Turing2002,11
V0llerEIQuQ,37
Valarfly,23
Weeting,11
WuTongiii,49
Xaincn,15
Xander_Zhao,12
Xanthus_,74
XenWayne,11
XiaoMouz_OvO,50
XingNick,24
YanagawaKintou,11
YorushiroLen,22
YoyisakiKnd,28
YukiGeZi,96
ZhigeOffice,74
Zuo_longYZ,54
_AyaNyaMew_,11
_T1AnLaN,28
_Teio_,12
an_qwq,74
bahaoda,15
bellwow,96
cb3a,12
clahxm,68
RaySeer,19
etwxr9,96
fiue_fice_,78
forst_candy,12
harrynull,11
henry15c,14
hongling,96
huaniaofengyue_,13
jack_cc,11
jiaoxiu_ovo,69
julihao,12
ka_lu_,34
kksk666777,49
kongmulingyun,14
lawsuo,14
lbpc2332,29
lingrenzhixi,13
mahoBryant,12
muxue_tao,16
nihui,8
nyapasss,51
orangeCRS,71
pop_ray,96
reebing,96
s7o23,12
sanduox,19
sby007,31
silentRain_qwq,32
simsearch,11
wakaka11111,32
wsy95,12
wwIce,71
wwhsQWQ,16
wwooww,11
wyy_233_,13
yebuluoxi,44
yueducheng,16
yukio911,17